{"TimeStamp":"2025-06-04T14:40:07Z","SiteName":"STCCP-backend","RequestId":"cc1e7755-4151-11f0-a62f-dc97ba0ef226","Kind":"ZipDeploy","Status":"Success","Details":"{\"Id\":\"895b4185472b460f8228c6d11dda6060\",\"Status\":4,\"StatusText\":\"\",\"AuthorEmail\":\"N/A\",\"Author\":\"N/A\",\"Message\":\"Created via a push deployment\",\"Progress\":\"\",\"Deployer\":\"ZipDeploy\",\"ReceivedTime\":\"2025-06-04T14:40:07.031232Z\",\"StartTime\":\"2025-06-04T14:40:07.0937373Z\",\"EndTime\":\"2025-06-04T14:40:07.5156048Z\",\"LastSuccessEndTime\":\"2025-06-04T14:40:07.5156048Z\",\"Complete\":true,\"IsTemporary\":false,\"IsReadOnly\":true,\"SiteName\":\"STCCP-backend\",\"HostName\":\"stccp-backend-draqhhcfgkdbg3em.scm.swedencentral-01.azurewebsites.net\",\"ProjectType\":\"BASIC\",\"VsProjectId\":null}"}