﻿<?xml version="1.0" encoding="utf-8"?>
<deployment>
  <id>895b4185472b460f8228c6d11dda6060</id>
  <author>N/A</author>
  <deployer>ZipDeploy</deployer>
  <authorEmail>N/A</authorEmail>
  <message>Created via a push deployment</message>
  <progress></progress>
  <status>Success</status>
  <statusText></statusText>
  <lastSuccessEndTime>2025-06-04T14:40:07.5156048Z</lastSuccessEndTime>
  <receivedTime>2025-06-04T14:40:07.031232Z</receivedTime>
  <startTime>2025-06-04T14:40:07.0937373Z</startTime>
  <endTime>2025-06-04T14:40:07.5156048Z</endTime>
  <complete>True</complete>
  <is_temp>False</is_temp>
  <is_readonly>True</is_readonly>
  <project_type>BASIC</project_type>
  <vsproject_id></vsproject_id>
</deployment>