﻿<?xml version="1.0" encoding="utf-8"?>
<deployment>
  <id>b0677c3eb8984231b7a5fba9ec3ff847</id>
  <author>N/A</author>
  <deployer>ZipDeploy</deployer>
  <authorEmail>N/A</authorEmail>
  <message>Created via a push deployment</message>
  <progress></progress>
  <status>Success</status>
  <statusText></statusText>
  <lastSuccessEndTime>2025-06-04T14:17:01.4428454Z</lastSuccessEndTime>
  <receivedTime>2025-06-04T14:17:00.9584693Z</receivedTime>
  <startTime>2025-06-04T14:17:01.0209661Z</startTime>
  <endTime>2025-06-04T14:17:01.4428454Z</endTime>
  <complete>True</complete>
  <is_temp>False</is_temp>
  <is_readonly>True</is_readonly>
  <project_type>BASIC</project_type>
  <vsproject_id></vsproject_id>
</deployment>