﻿<?xml version="1.0" encoding="utf-8"?>
<deployment>
  <id>be554f7fc1854d57a41720f8c0830b9f</id>
  <author>N/A</author>
  <deployer>ZipDeploy</deployer>
  <authorEmail>N/A</authorEmail>
  <message>Created via a push deployment</message>
  <progress></progress>
  <status>Success</status>
  <statusText></statusText>
  <lastSuccessEndTime>2025-06-04T13:11:46.1164634Z</lastSuccessEndTime>
  <receivedTime>2025-06-04T13:11:45.6320964Z</receivedTime>
  <startTime>2025-06-04T13:11:45.7102151Z</startTime>
  <endTime>2025-06-04T13:11:46.1164634Z</endTime>
  <complete>True</complete>
  <is_temp>False</is_temp>
  <is_readonly>True</is_readonly>
  <project_type>BASIC</project_type>
  <vsproject_id></vsproject_id>
</deployment>