﻿<?xml version="1.0" encoding="utf-8"?>
<deployment>
  <id>82ee84c7ba0a4c0db8814e03a6165d49</id>
  <author>N/A</author>
  <deployer>ZipDeploy</deployer>
  <authorEmail>N/A</authorEmail>
  <message>Created via a push deployment</message>
  <progress></progress>
  <status>Success</status>
  <statusText></statusText>
  <lastSuccessEndTime>2025-06-04T12:32:31.2898394Z</lastSuccessEndTime>
  <receivedTime>2025-06-04T12:32:30.5710879Z</receivedTime>
  <startTime>2025-06-04T12:32:30.6335886Z</startTime>
  <endTime>2025-06-04T12:32:31.2898394Z</endTime>
  <complete>True</complete>
  <is_temp>False</is_temp>
  <is_readonly>True</is_readonly>
  <project_type>BASIC</project_type>
  <vsproject_id></vsproject_id>
</deployment>