<step title="BackgroundTrace" date="2025-06-04T12:32:30.383" instance="a6e48b" url="/api/zipdeploy" method="POST" >
  <step title="Updating shutdown sentinel last write time" date="2025-06-04T12:32:30.399" SemaphoreCount="7" /><!-- duration: 0ms -->
  <step title="LockFile &apos;C:\home\site\locks\deployments.lock&apos; acquired" date="2025-06-04T12:32:30.399" /><!-- duration: 0ms -->
  <step title="Creating temporary deployment" date="2025-06-04T12:32:30.399" /><!-- duration: 16ms -->
  <step title="Performing fetch based deployment" date="2025-06-04T12:32:30.414" >
    <step title="Fetching changes." date="2025-06-04T12:32:30.461" /><!-- duration: 0ms -->
    <step title="Starting LocalZipHandler" date="2025-06-04T12:32:30.477" /><!-- duration: 0ms -->
    <step title="Cleaning up temp folders from previous zip deployments and extracting pushed zip file C:\local\Temp\zipdeploy\lilep22v.zip (0.07 MB) to C:\local\Temp\zipdeploy\extracted" date="2025-06-04T12:32:30.492" /><!-- duration: 0ms -->
    <step title="Cleaning up temp folders from previous zip deployments and extracting pushed zip file C:\local\Temp\zipdeploy\lilep22v.zip (0.07 MB) to C:\local\Temp\zipdeploy\extracted" date="2025-06-04T12:32:30.492" >
      <step title="Extracting 6 entries to C:\local\Temp\zipdeploy\extracted directory" date="2025-06-04T12:32:30.492" >
        <step title="Extracting to C:\local\Temp\zipdeploy\extracted\uploads\1748863906830-rognster.png ..." date="2025-06-04T12:32:30.492" /><!-- duration: 16ms -->
        <step title="Extracting to C:\local\Temp\zipdeploy\extracted\uploads\1748956695092-andreas .png ..." date="2025-06-04T12:32:30.508" /><!-- duration: 0ms -->
        <step title="Extracting to C:\local\Temp\zipdeploy\extracted\.env ..." date="2025-06-04T12:32:30.508" /><!-- duration: 0ms -->
        <step title="Extracting to C:\local\Temp\zipdeploy\extracted\package.json ..." date="2025-06-04T12:32:30.508" /><!-- duration: 31ms -->
        <step title="Extracting to C:\local\Temp\zipdeploy\extracted\server.js ..." date="2025-06-04T12:32:30.539" /><!-- duration: 0ms -->
        <step title="Extracting to C:\local\Temp\zipdeploy\extracted\web.config ..." date="2025-06-04T12:32:30.539" /><!-- duration: 0ms -->
      </step><!-- duration: 47ms -->
    </step><!-- duration: 47ms -->
    <step title="Before sending BuildRequestReceived status to /api/updatedeploystatus" date="2025-06-04T12:32:30.539" /><!-- duration: 0ms -->
    <step title="DeploymentManager.Deploy(id:82ee84c7ba0a4c0db8814e03a6165d49)" date="2025-06-04T12:32:30.555" >
      <step title="Collecting changeset information" date="2025-06-04T12:32:30.571" /><!-- duration: 16ms -->
      <step title="Updating submodules" date="2025-06-04T12:32:30.586" >
        <step title="Updating submodules." date="2025-06-04T12:32:30.602" /><!-- duration: 0ms -->
      </step><!-- duration: 16ms -->
      <step title="Preparing deployment for commit id &apos;82ee84c7ba&apos;." date="2025-06-04T12:32:30.617" /><!-- duration: 0ms -->
      <step title="Determining deployment builder" date="2025-06-04T12:32:30.633" >
        <step title="Builder is BasicBuilder" date="2025-06-04T12:32:30.649" /><!-- duration: 0ms -->
      </step><!-- duration: 16ms -->
      <step title="Copying SSH keys" date="2025-06-04T12:32:30.664" /><!-- duration: 0ms -->
      <step title="Building" date="2025-06-04T12:32:30.664" >
        <step title="Generating deployment script." date="2025-06-04T12:32:30.680" /><!-- duration: 0ms -->
        <step title="Generating deployment script" date="2025-06-04T12:32:30.696" >
          <step title="Using the following command to generate deployment script: &apos;azure site deploymentscript -y --no-dot-deployment -r &quot;C:\local\Temp\zipdeploy\extracted&quot; -o &quot;C:\home\site\deployments\tools&quot; --basic --sitePath &quot;C:\local\Temp\zipdeploy\extracted&quot;&apos;." date="2025-06-04T12:32:30.711" /><!-- duration: 0ms -->
          <step title="Executing external process" date="2025-06-04T12:32:30.711" type="process" path="starter.cmd" arguments="&quot;C:\Program Files (x86)\SiteExtensions\Kudu\103.250502.001\bin\node_modules\.bin\kuduscript.cmd&quot; -y --no-dot-deployment -r &quot;C:\local\Temp\zipdeploy\extracted&quot; -o &quot;C:\home\site\deployments\tools&quot; --basic --sitePath &quot;C:\local\Temp\zipdeploy\extracted&quot;" >
            <step title="Generating deployment script for Web Site" date="2025-06-04T12:32:30.836" /><!-- duration: 0ms -->
            <step title="Generated deployment script files" date="2025-06-04T12:32:30.836" /><!-- duration: 0ms -->
          </step><!-- duration: 125ms -->
          <step title="Saved cached version of the deployment script for command -y --no-dot-deployment -r &quot;C:\local\Temp\zipdeploy\extracted&quot; -o &quot;C:\home\site\deployments\tools&quot; --basic --sitePath &quot;C:\local\Temp\zipdeploy\extracted&quot;" date="2025-06-04T12:32:30.852" /><!-- duration: 0ms -->
        </step><!-- duration: 156ms -->
        <step title="Running deployment command..." date="2025-06-04T12:32:30.883" /><!-- duration: 0ms -->
        <step title="Command: &quot;C:\home\site\deployments\tools\deploy.cmd&quot;" date="2025-06-04T12:32:30.883" /><!-- duration: 0ms -->
        <step title="Executing external process" date="2025-06-04T12:32:30.883" type="process" path="starter.cmd" arguments="&quot;C:\home\site\deployments\tools\deploy.cmd&quot;" >
          <step title="Handling Basic Web Site deployment." date="2025-06-04T12:32:31.008" /><!-- duration: 0ms -->
          <step title="Creating app_offline.htm" date="2025-06-04T12:32:31.102" /><!-- duration: 0ms -->
          <step title="KuduSync.NET from: &apos;C:\local\Temp\zipdeploy\extracted&apos; to: &apos;C:\home\site\wwwroot&apos;" date="2025-06-04T12:32:31.117" /><!-- duration: 0ms -->
          <step title="Deleting file: &apos;hostingstart.html&apos;" date="2025-06-04T12:32:31.117" /><!-- duration: 0ms -->
          <step title="Copying file: &apos;.env&apos;" date="2025-06-04T12:32:31.117" /><!-- duration: 16ms -->
          <step title="Copying file: &apos;package.json&apos;" date="2025-06-04T12:32:31.133" /><!-- duration: 0ms -->
          <step title="Copying file: &apos;server.js&apos;" date="2025-06-04T12:32:31.133" /><!-- duration: 0ms -->
          <step title="Copying file: &apos;uploads\1748863906830-rognster.png&apos;" date="2025-06-04T12:32:31.149" /><!-- duration: 0ms -->
          <step title="Copying file: &apos;uploads\1748956695092-andreas .png&apos;" date="2025-06-04T12:32:31.149" /><!-- duration: 0ms -->
          <step title="Copying file: &apos;web.config&apos;" date="2025-06-04T12:32:31.149" /><!-- duration: 0ms -->
          <step title="Deleting app_offline.htm" date="2025-06-04T12:32:31.149" /><!-- duration: 16ms -->
          <step title="Finished successfully." date="2025-06-04T12:32:31.164" /><!-- duration: 0ms -->
        </step><!-- duration: 281ms -->
        <step title="Running post deployment command(s)..." date="2025-06-04T12:32:31.180" /><!-- duration: 0ms -->
        <step title="Triggering recycle (preview mode disabled)." date="2025-06-04T12:32:31.242" /><!-- duration: 0ms -->
        <step title="Ignoring FS watcher based recycle request as this is a classic Windows app." date="2025-06-04T12:32:31.242" /><!-- duration: 0ms -->
        <step title="Deployment successful. DEPLOYMENTINFO: deploymentPath = ZipDeploy. Extract zip. , deployer = ZipDeploy, os = windows, sku = Shared, siteName = STCCP-backend, siteHostName = stccp-backend-draqhhcfgkdbg3em.swedencentral-01.azurewebsites.net, deploymentStatus = Success" date="2025-06-04T12:32:31.274" /><!-- duration: 0ms -->
      </step><!-- duration: 672ms -->
    </step><!-- duration: 781ms -->
    <step title="Cleaning up temp files" date="2025-06-04T12:32:31.352" /><!-- duration: 0ms -->
    <step title="Skip function trigger and logicapp sync because function is not enabled." date="2025-06-04T12:32:31.352" /><!-- duration: 0ms -->
  </step><!-- duration: 953ms -->
  <step title="LockFile &apos;C:\home\site\locks\deployments.lock&apos; released" date="2025-06-04T12:32:31.383" /><!-- duration: 0ms -->
  <step title="Deleting shutdown sentinel file" date="2025-06-04T12:32:31.383" SemaphoreCount="8" /><!-- duration: 0ms -->
</step><!-- duration: 1000ms -->
