<step title="Incoming Request" date="2025-06-04T14:40:06.687" instance="a6e48b" url="/api/zipdeploy?isAsync=true" method="POST" type="request" pid="17956,2,9" Cache-Control="no-cache" Content-Length="70713" Content-Type="application/octet-stream" Accept="*/*" Accept-Encoding="gzip, deflate" Authorization="Bea..." Host="stccp-backend-draqhhcfgkdbg3em.scm.swedencentral-01.azurewebsites.net" User-Agent="AZURECLI/2.70.0 (MSI)" x-ms-client-request-id="cc1e7755-4151-11f0-a62f-dc97ba0ef226" X-ARR-LOG-ID="cc1e7755-4151-11f0-a62f-dc97ba0ef226" CLIENT-IP="78.72.211.244:56360" X-SITE-DEPLOYMENT-ID="STCCP-backend" WAS-DEFAULT-HOSTNAME="stccp-backend-draqhhcfgkdbg3em.scm.swedencentral-01.azurewebsites.net" X-Forwarded-Proto="https" X-AppService-Proto="https" X-Forwarded-TlsVersion="1.3" X-WAWS-Unencoded-URL="/api/zipdeploy?isAsync=true" >
  <step title="ZipPushDeploy" date="2025-06-04T14:40:06.796" >
    <step title="ZipDeploy. Extract zip. " date="2025-06-04T14:40:06.812" /><!-- duration: 0ms -->
    <step title="Starting PushDeployAsync" date="2025-06-04T14:40:06.812" /><!-- duration: 16ms -->
    <step title="Updating shutdown sentinel last write time" date="2025-06-04T14:40:06.843" SemaphoreCount="7" /><!-- duration: 0ms -->
    <step title="LockFile &apos;C:\home\site\locks\deployments.lock&apos; acquired" date="2025-06-04T14:40:06.843" /><!-- duration: 0ms -->
    <step title="Saving request content to C:\local\Temp\zipdeploy\iilfedtz.zip" date="2025-06-04T14:40:06.843" >
      <step title="Total 70,713 bytes written to C:\local\Temp\zipdeploy\iilfedtz.zip" date="2025-06-04T14:40:06.859" /><!-- duration: 0ms -->
    </step><!-- duration: 16ms -->
    <step title="LockFile &apos;C:\home\site\locks\deployments.lock&apos; released" date="2025-06-04T14:40:06.859" /><!-- duration: 0ms -->
    <step title="Deleting shutdown sentinel file" date="2025-06-04T14:40:06.859" SemaphoreCount="8" /><!-- duration: 16ms -->
    <step title="Starting FetchDeploy" date="2025-06-04T14:40:06.874" /><!-- duration: 0ms -->
    <step title="Start deployment in the background" date="2025-06-04T14:40:06.874" /><!-- duration: 31ms -->
  </step><!-- duration: 109ms -->
  <step title="Outgoing response" date="2025-06-04T14:40:06.906" type="response" statusCode="202" statusText="Accepted" Server="Microsoft-IIS/10.0" x-ms-request-id="cc1e7755-4151-11f0-a62f-dc97ba0ef226" Retry-After="30" Cache-Control="private" X-AspNet-Version="4.0.30319" Location="https://stccp-backend-draqhhcfgkdbg3em.scm.swedencentral-01.azurewebsites.net/api/deployments/latest?deployer=ZipDeploy&amp;time=2025-06-04_14-40-06Z" /><!-- duration: 16ms -->
</step><!-- duration: 234ms -->
