<step title="BackgroundTrace" date="2025-06-04T14:40:06.874" instance="a6e48b" url="/api/zipdeploy" method="POST" >
  <step title="Updating shutdown sentinel last write time" date="2025-06-04T14:40:06.874" SemaphoreCount="7" /><!-- duration: 0ms -->
  <step title="LockFile &apos;C:\home\site\locks\deployments.lock&apos; acquired" date="2025-06-04T14:40:06.890" /><!-- duration: 0ms -->
  <step title="Creating temporary deployment" date="2025-06-04T14:40:06.890" /><!-- duration: 16ms -->
  <step title="Performing fetch based deployment" date="2025-06-04T14:40:06.906" >
    <step title="Fetching changes." date="2025-06-04T14:40:06.937" /><!-- duration: 0ms -->
    <step title="Starting LocalZipHandler" date="2025-06-04T14:40:06.953" /><!-- duration: 0ms -->
    <step title="Cleaning up temp folders from previous zip deployments and extracting pushed zip file C:\local\Temp\zipdeploy\iilfedtz.zip (0.07 MB) to C:\local\Temp\zipdeploy\extracted" date="2025-06-04T14:40:06.953" /><!-- duration: 16ms -->
    <step title="Cleaning up temp folders from previous zip deployments and extracting pushed zip file C:\local\Temp\zipdeploy\iilfedtz.zip (0.07 MB) to C:\local\Temp\zipdeploy\extracted" date="2025-06-04T14:40:06.968" >
      <step title="Renaming extractTargetDirectory(C:\local\Temp\zipdeploy\extracted) to tempDirectory(C:\local\Temp\zipdeploy\pc4xppdl.pyy)" date="2025-06-04T14:40:06.968" /><!-- duration: 0ms -->
      <step title="Extracting 6 entries to C:\local\Temp\zipdeploy\extracted directory" date="2025-06-04T14:40:06.968" >
        <step title="Extracting to C:\local\Temp\zipdeploy\extracted\uploads\1748863906830-rognster.png ..." date="2025-06-04T14:40:06.968" /><!-- duration: 16ms -->
        <step title="Extracting to C:\local\Temp\zipdeploy\extracted\uploads\1748956695092-andreas .png ..." date="2025-06-04T14:40:06.984" /><!-- duration: 0ms -->
        <step title="Extracting to C:\local\Temp\zipdeploy\extracted\.env ..." date="2025-06-04T14:40:06.984" /><!-- duration: 0ms -->
        <step title="Extracting to C:\local\Temp\zipdeploy\extracted\package.json ..." date="2025-06-04T14:40:06.984" /><!-- duration: 16ms -->
        <step title="Extracting to C:\local\Temp\zipdeploy\extracted\server.js ..." date="2025-06-04T14:40:06.999" /><!-- duration: 0ms -->
        <step title="Extracting to C:\local\Temp\zipdeploy\extracted\web.config ..." date="2025-06-04T14:40:06.999" /><!-- duration: 16ms -->
      </step><!-- duration: 47ms -->
    </step><!-- duration: 47ms -->
    <step title="Before sending BuildRequestReceived status to /api/updatedeploystatus" date="2025-06-04T14:40:07.015" /><!-- duration: 0ms -->
    <step title="DeploymentManager.Deploy(id:895b4185472b460f8228c6d11dda6060)" date="2025-06-04T14:40:07.015" >
      <step title="Collecting changeset information" date="2025-06-04T14:40:07.015" /><!-- duration: 31ms -->
      <step title="Updating submodules" date="2025-06-04T14:40:07.046" >
        <step title="Updating submodules." date="2025-06-04T14:40:07.062" /><!-- duration: 0ms -->
      </step><!-- duration: 16ms -->
      <step title="Preparing deployment for commit id &apos;895b418547&apos;." date="2025-06-04T14:40:07.078" /><!-- duration: 0ms -->
      <step title="Determining deployment builder" date="2025-06-04T14:40:07.093" >
        <step title="Builder is BasicBuilder" date="2025-06-04T14:40:07.093" /><!-- duration: 0ms -->
      </step><!-- duration: 16ms -->
      <step title="Copying SSH keys" date="2025-06-04T14:40:07.124" /><!-- duration: 0ms -->
      <step title="Building" date="2025-06-04T14:40:07.124" >
        <step title="Generating deployment script." date="2025-06-04T14:40:07.140" /><!-- duration: 0ms -->
        <step title="Generating deployment script" date="2025-06-04T14:40:07.140" >
          <step title="Using cached version of the deployment script for command: -y --no-dot-deployment -r &quot;C:\local\Temp\zipdeploy\extracted&quot; -o &quot;C:\home\site\deployments\tools&quot; --basic --sitePath &quot;C:\local\Temp\zipdeploy\extracted&quot;" date="2025-06-04T14:40:07.156" /><!-- duration: 0ms -->
          <step title="Using cached version of deployment script (command: &apos;azure -y --no-dot-deployment -r &quot;C:\local\Temp\zipdeploy\extracted&quot; -o &quot;C:\home\site\deployments\tools&quot; --basic --sitePath &quot;C:\local\Temp\zipdeploy\extracted&quot;&apos;)." date="2025-06-04T14:40:07.171" /><!-- duration: 0ms -->
        </step><!-- duration: 31ms -->
        <step title="Running deployment command..." date="2025-06-04T14:40:07.187" /><!-- duration: 0ms -->
        <step title="Command: &quot;C:\home\site\deployments\tools\deploy.cmd&quot;" date="2025-06-04T14:40:07.203" /><!-- duration: 0ms -->
        <step title="Executing external process" date="2025-06-04T14:40:07.203" type="process" path="starter.cmd" arguments="&quot;C:\home\site\deployments\tools\deploy.cmd&quot;" >
          <step title="Handling Basic Web Site deployment." date="2025-06-04T14:40:07.312" /><!-- duration: 0ms -->
          <step title="Creating app_offline.htm" date="2025-06-04T14:40:07.406" /><!-- duration: 0ms -->
          <step title="KuduSync.NET from: &apos;C:\local\Temp\zipdeploy\extracted&apos; to: &apos;C:\home\site\wwwroot&apos;" date="2025-06-04T14:40:07.406" /><!-- duration: 0ms -->
          <step title="Copying file: &apos;package.json&apos;" date="2025-06-04T14:40:07.421" /><!-- duration: 0ms -->
          <step title="Copying file: &apos;server.js&apos;" date="2025-06-04T14:40:07.421" /><!-- duration: 0ms -->
          <step title="Copying file: &apos;web.config&apos;" date="2025-06-04T14:40:07.437" /><!-- duration: 0ms -->
          <step title="Deleting app_offline.htm" date="2025-06-04T14:40:07.437" /><!-- duration: 0ms -->
          <step title="Finished successfully." date="2025-06-04T14:40:07.437" /><!-- duration: 0ms -->
        </step><!-- duration: 234ms -->
        <step title="Running post deployment command(s)..." date="2025-06-04T14:40:07.468" /><!-- duration: 0ms -->
        <step title="Triggering recycle (preview mode disabled)." date="2025-06-04T14:40:07.484" /><!-- duration: 0ms -->
        <step title="Ignoring FS watcher based recycle request as this is a classic Windows app." date="2025-06-04T14:40:07.484" /><!-- duration: 16ms -->
        <step title="Deployment successful. DEPLOYMENTINFO: deploymentPath = ZipDeploy. Extract zip. , deployer = ZipDeploy, os = windows, sku = Shared, siteName = STCCP-backend, siteHostName = stccp-backend-draqhhcfgkdbg3em.swedencentral-01.azurewebsites.net, deploymentStatus = Success" date="2025-06-04T14:40:07.515" /><!-- duration: 0ms -->
      </step><!-- duration: 453ms -->
    </step><!-- duration: 563ms -->
    <step title="Cleaning up temp files" date="2025-06-04T14:40:07.578" /><!-- duration: 0ms -->
    <step title="Skip function trigger and logicapp sync because function is not enabled." date="2025-06-04T14:40:07.578" /><!-- duration: 0ms -->
  </step><!-- duration: 703ms -->
  <step title="LockFile &apos;C:\home\site\locks\deployments.lock&apos; released" date="2025-06-04T14:40:07.609" /><!-- duration: 0ms -->
  <step title="Deleting shutdown sentinel file" date="2025-06-04T14:40:07.609" SemaphoreCount="8" /><!-- duration: 0ms -->
</step><!-- duration: 734ms -->
