<step title="Incoming Request" date="2025-06-04T13:11:45.303" instance="a6e48b" url="/api/zipdeploy?isAsync=true" method="POST" type="request" pid="19284,2,37" Cache-Control="no-cache" Content-Length="70405" Content-Type="application/octet-stream" Accept="*/*" Accept-Encoding="gzip, deflate" Authorization="Bea..." Host="stccp-backend-draqhhcfgkdbg3em.scm.swedencentral-01.azurewebsites.net" User-Agent="AZURECLI/2.70.0 (MSI)" x-ms-client-request-id="748e7bc1-4145-11f0-b065-dc97ba0ef226" X-ARR-LOG-ID="748e7bc1-4145-11f0-b065-dc97ba0ef226" CLIENT-IP="78.72.211.244:50600" X-SITE-DEPLOYMENT-ID="STCCP-backend" WAS-DEFAULT-HOSTNAME="stccp-backend-draqhhcfgkdbg3em.scm.swedencentral-01.azurewebsites.net" X-Forwarded-Proto="https" X-AppService-Proto="https" X-Forwarded-TlsVersion="1.3" X-WAWS-Unencoded-URL="/api/zipdeploy?isAsync=true" >
  <step title="Cleanup Xml Logs" date="2025-06-04T13:11:45.303" /><!-- duration: 0ms -->
  <step title="ZipPushDeploy" date="2025-06-04T13:11:45.335" >
    <step title="ZipDeploy. Extract zip. " date="2025-06-04T13:11:45.350" /><!-- duration: 0ms -->
    <step title="Starting PushDeployAsync" date="2025-06-04T13:11:45.350" /><!-- duration: 16ms -->
    <step title="Updating shutdown sentinel last write time" date="2025-06-04T13:11:45.366" SemaphoreCount="7" /><!-- duration: 0ms -->
    <step title="LockFile &apos;C:\home\site\locks\deployments.lock&apos; acquired" date="2025-06-04T13:11:45.382" /><!-- duration: 16ms -->
    <step title="Saving request content to C:\local\Temp\zipdeploy\azpiwz1c.zip" date="2025-06-04T13:11:45.397" >
      <step title="Total 70,405 bytes written to C:\local\Temp\zipdeploy\azpiwz1c.zip" date="2025-06-04T13:11:45.413" /><!-- duration: 0ms -->
    </step><!-- duration: 31ms -->
    <step title="LockFile &apos;C:\home\site\locks\deployments.lock&apos; released" date="2025-06-04T13:11:45.428" /><!-- duration: 0ms -->
    <step title="Deleting shutdown sentinel file" date="2025-06-04T13:11:45.428" SemaphoreCount="8" /><!-- duration: 0ms -->
    <step title="Starting FetchDeploy" date="2025-06-04T13:11:45.444" /><!-- duration: 0ms -->
    <step title="Start deployment in the background" date="2025-06-04T13:11:45.444" /><!-- duration: 47ms -->
  </step><!-- duration: 156ms -->
  <step title="Outgoing response" date="2025-06-04T13:11:45.491" type="response" statusCode="202" statusText="Accepted" Server="Microsoft-IIS/10.0" x-ms-request-id="748e7bc1-4145-11f0-b065-dc97ba0ef226" Retry-After="30" Cache-Control="private" X-AspNet-Version="4.0.30319" Location="https://stccp-backend-draqhhcfgkdbg3em.scm.swedencentral-01.azurewebsites.net/api/deployments/latest?deployer=ZipDeploy&amp;time=2025-06-04_13-11-45Z" /><!-- duration: 0ms -->
</step><!-- duration: 188ms -->
