<step title="Incoming Request" date="2025-06-04T12:32:30.196" instance="a6e48b" url="/api/zipdeploy?isAsync=true" method="POST" type="request" pid="17084,2,22" Cache-Control="no-cache" Content-Length="70405" Content-Type="application/octet-stream" Accept="*/*" Accept-Encoding="gzip, deflate" Authorization="Bea..." Host="stccp-backend-draqhhcfgkdbg3em.scm.swedencentral-01.azurewebsites.net" User-Agent="AZURECLI/2.70.0 (MSI)" x-ms-client-request-id="f5854a73-413f-11f0-a6b9-dc97ba0ef226" X-ARR-LOG-ID="f5854a73-413f-11f0-a6b9-dc97ba0ef226" CLIENT-IP="78.72.211.244:63633" X-SITE-DEPLOYMENT-ID="STCCP-backend" WAS-DEFAULT-HOSTNAME="stccp-backend-draqhhcfgkdbg3em.scm.swedencentral-01.azurewebsites.net" X-Forwarded-Proto="https" X-AppService-Proto="https" X-Forwarded-TlsVersion="1.3" X-WAWS-Unencoded-URL="/api/zipdeploy?isAsync=true" >
  <step title="Cleanup Xml Logs" date="2025-06-04T12:32:30.196" /><!-- duration: 0ms -->
  <step title="ZipPushDeploy" date="2025-06-04T12:32:30.242" >
    <step title="ZipDeploy. Extract zip. " date="2025-06-04T12:32:30.258" /><!-- duration: 0ms -->
    <step title="Starting PushDeployAsync" date="2025-06-04T12:32:30.274" /><!-- duration: 0ms -->
    <step title="Updating shutdown sentinel last write time" date="2025-06-04T12:32:30.321" SemaphoreCount="7" /><!-- duration: 0ms -->
    <step title="LockFile &apos;C:\home\site\locks\deployments.lock&apos; acquired" date="2025-06-04T12:32:30.336" /><!-- duration: 0ms -->
    <step title="Saving request content to C:\local\Temp\zipdeploy\lilep22v.zip" date="2025-06-04T12:32:30.336" >
      <step title="Total 70,405 bytes written to C:\local\Temp\zipdeploy\lilep22v.zip" date="2025-06-04T12:32:30.352" /><!-- duration: 0ms -->
    </step><!-- duration: 16ms -->
    <step title="LockFile &apos;C:\home\site\locks\deployments.lock&apos; released" date="2025-06-04T12:32:30.367" /><!-- duration: 0ms -->
    <step title="Deleting shutdown sentinel file" date="2025-06-04T12:32:30.367" SemaphoreCount="8" /><!-- duration: 0ms -->
    <step title="Starting FetchDeploy" date="2025-06-04T12:32:30.383" /><!-- duration: 0ms -->
    <step title="Start deployment in the background" date="2025-06-04T12:32:30.383" /><!-- duration: 31ms -->
  </step><!-- duration: 172ms -->
  <step title="Outgoing response" date="2025-06-04T12:32:30.414" type="response" statusCode="202" statusText="Accepted" Server="Microsoft-IIS/10.0" x-ms-request-id="f5854a73-413f-11f0-a6b9-dc97ba0ef226" Retry-After="30" Cache-Control="private" X-AspNet-Version="4.0.30319" Location="https://stccp-backend-draqhhcfgkdbg3em.scm.swedencentral-01.azurewebsites.net/api/deployments/latest?deployer=ZipDeploy&amp;time=2025-06-04_12-32-30Z" /><!-- duration: 16ms -->
</step><!-- duration: 234ms -->
