<step title="BackgroundTrace" date="2025-06-04T13:11:45.444" instance="a6e48b" url="/api/zipdeploy" method="POST" >
  <step title="Updating shutdown sentinel last write time" date="2025-06-04T13:11:45.460" SemaphoreCount="7" /><!-- duration: 0ms -->
  <step title="LockFile &apos;C:\home\site\locks\deployments.lock&apos; acquired" date="2025-06-04T13:11:45.460" /><!-- duration: 0ms -->
  <step title="Creating temporary deployment" date="2025-06-04T13:11:45.460" /><!-- duration: 16ms -->
  <step title="Performing fetch based deployment" date="2025-06-04T13:11:45.491" >
    <step title="Fetching changes." date="2025-06-04T13:11:45.522" /><!-- duration: 16ms -->
    <step title="Starting LocalZipHandler" date="2025-06-04T13:11:45.538" /><!-- duration: 0ms -->
    <step title="Cleaning up temp folders from previous zip deployments and extracting pushed zip file C:\local\Temp\zipdeploy\azpiwz1c.zip (0.07 MB) to C:\local\Temp\zipdeploy\extracted" date="2025-06-04T13:11:45.553" /><!-- duration: 0ms -->
    <step title="Cleaning up temp folders from previous zip deployments and extracting pushed zip file C:\local\Temp\zipdeploy\azpiwz1c.zip (0.07 MB) to C:\local\Temp\zipdeploy\extracted" date="2025-06-04T13:11:45.553" >
      <step title="Renaming extractTargetDirectory(C:\local\Temp\zipdeploy\extracted) to tempDirectory(C:\local\Temp\zipdeploy\2zq2j2gb.1ga)" date="2025-06-04T13:11:45.553" /><!-- duration: 0ms -->
      <step title="Extracting 6 entries to C:\local\Temp\zipdeploy\extracted directory" date="2025-06-04T13:11:45.569" >
        <step title="Extracting to C:\local\Temp\zipdeploy\extracted\uploads\1748863906830-rognster.png ..." date="2025-06-04T13:11:45.569" /><!-- duration: 0ms -->
        <step title="Extracting to C:\local\Temp\zipdeploy\extracted\uploads\1748956695092-andreas .png ..." date="2025-06-04T13:11:45.585" /><!-- duration: 0ms -->
        <step title="Extracting to C:\local\Temp\zipdeploy\extracted\.env ..." date="2025-06-04T13:11:45.585" /><!-- duration: 0ms -->
        <step title="Extracting to C:\local\Temp\zipdeploy\extracted\package.json ..." date="2025-06-04T13:11:45.585" /><!-- duration: 0ms -->
        <step title="Extracting to C:\local\Temp\zipdeploy\extracted\server.js ..." date="2025-06-04T13:11:45.585" /><!-- duration: 0ms -->
        <step title="Extracting to C:\local\Temp\zipdeploy\extracted\web.config ..." date="2025-06-04T13:11:45.585" /><!-- duration: 16ms -->
      </step><!-- duration: 31ms -->
    </step><!-- duration: 47ms -->
    <step title="Before sending BuildRequestReceived status to /api/updatedeploystatus" date="2025-06-04T13:11:45.600" /><!-- duration: 0ms -->
    <step title="DeploymentManager.Deploy(id:be554f7fc1854d57a41720f8c0830b9f)" date="2025-06-04T13:11:45.600" >
      <step title="Collecting changeset information" date="2025-06-04T13:11:45.632" /><!-- duration: 16ms -->
      <step title="Updating submodules" date="2025-06-04T13:11:45.647" >
        <step title="Updating submodules." date="2025-06-04T13:11:45.663" /><!-- duration: 0ms -->
      </step><!-- duration: 16ms -->
      <step title="Preparing deployment for commit id &apos;be554f7fc1&apos;." date="2025-06-04T13:11:45.694" /><!-- duration: 0ms -->
      <step title="Determining deployment builder" date="2025-06-04T13:11:45.710" >
        <step title="Builder is BasicBuilder" date="2025-06-04T13:11:45.710" /><!-- duration: 0ms -->
      </step><!-- duration: 16ms -->
      <step title="Copying SSH keys" date="2025-06-04T13:11:45.725" /><!-- duration: 0ms -->
      <step title="Building" date="2025-06-04T13:11:45.725" >
        <step title="Generating deployment script." date="2025-06-04T13:11:45.757" /><!-- duration: 0ms -->
        <step title="Generating deployment script" date="2025-06-04T13:11:45.757" >
          <step title="Using cached version of the deployment script for command: -y --no-dot-deployment -r &quot;C:\local\Temp\zipdeploy\extracted&quot; -o &quot;C:\home\site\deployments\tools&quot; --basic --sitePath &quot;C:\local\Temp\zipdeploy\extracted&quot;" date="2025-06-04T13:11:45.772" /><!-- duration: 0ms -->
          <step title="Using cached version of deployment script (command: &apos;azure -y --no-dot-deployment -r &quot;C:\local\Temp\zipdeploy\extracted&quot; -o &quot;C:\home\site\deployments\tools&quot; --basic --sitePath &quot;C:\local\Temp\zipdeploy\extracted&quot;&apos;)." date="2025-06-04T13:11:45.772" /><!-- duration: 0ms -->
        </step><!-- duration: 31ms -->
        <step title="Running deployment command..." date="2025-06-04T13:11:45.803" /><!-- duration: 0ms -->
        <step title="Command: &quot;C:\home\site\deployments\tools\deploy.cmd&quot;" date="2025-06-04T13:11:45.819" /><!-- duration: 0ms -->
        <step title="Executing external process" date="2025-06-04T13:11:45.819" type="process" path="starter.cmd" arguments="&quot;C:\home\site\deployments\tools\deploy.cmd&quot;" >
          <step title="Handling Basic Web Site deployment." date="2025-06-04T13:11:45.928" /><!-- duration: 0ms -->
          <step title="Creating app_offline.htm" date="2025-06-04T13:11:46.022" /><!-- duration: 0ms -->
          <step title="KuduSync.NET from: &apos;C:\local\Temp\zipdeploy\extracted&apos; to: &apos;C:\home\site\wwwroot&apos;" date="2025-06-04T13:11:46.022" /><!-- duration: 0ms -->
          <step title="Deleting app_offline.htm" date="2025-06-04T13:11:46.022" /><!-- duration: 0ms -->
          <step title="Finished successfully." date="2025-06-04T13:11:46.038" /><!-- duration: 0ms -->
        </step><!-- duration: 219ms -->
        <step title="Running post deployment command(s)..." date="2025-06-04T13:11:46.053" /><!-- duration: 0ms -->
        <step title="Triggering recycle (preview mode disabled)." date="2025-06-04T13:11:46.085" /><!-- duration: 0ms -->
        <step title="Ignoring FS watcher based recycle request as this is a classic Windows app." date="2025-06-04T13:11:46.085" /><!-- duration: 0ms -->
        <step title="Deployment successful. DEPLOYMENTINFO: deploymentPath = ZipDeploy. Extract zip. , deployer = ZipDeploy, os = windows, sku = Shared, siteName = STCCP-backend, siteHostName = stccp-backend-draqhhcfgkdbg3em.swedencentral-01.azurewebsites.net, deploymentStatus = Success" date="2025-06-04T13:11:46.100" /><!-- duration: 16ms -->
      </step><!-- duration: 469ms -->
    </step><!-- duration: 594ms -->
    <step title="Cleaning up temp files" date="2025-06-04T13:11:46.194" /><!-- duration: 0ms -->
    <step title="Skip function trigger and logicapp sync because function is not enabled." date="2025-06-04T13:11:46.194" /><!-- duration: 0ms -->
  </step><!-- duration: 734ms -->
  <step title="LockFile &apos;C:\home\site\locks\deployments.lock&apos; released" date="2025-06-04T13:11:46.225" /><!-- duration: 0ms -->
  <step title="Deleting shutdown sentinel file" date="2025-06-04T13:11:46.225" SemaphoreCount="8" /><!-- duration: 0ms -->
</step><!-- duration: 781ms -->
