<step title="BackgroundTrace" date="2025-06-04T14:17:00.786" instance="a6e48b" url="/api/zipdeploy" method="POST" >
  <step title="Updating shutdown sentinel last write time" date="2025-06-04T14:17:00.786" SemaphoreCount="7" /><!-- duration: 16ms -->
  <step title="LockFile &apos;C:\home\site\locks\deployments.lock&apos; acquired" date="2025-06-04T14:17:00.802" /><!-- duration: 0ms -->
  <step title="Creating temporary deployment" date="2025-06-04T14:17:00.802" /><!-- duration: 16ms -->
  <step title="Performing fetch based deployment" date="2025-06-04T14:17:00.817" >
    <step title="Fetching changes." date="2025-06-04T14:17:00.864" /><!-- duration: 0ms -->
    <step title="Starting LocalZipHandler" date="2025-06-04T14:17:00.880" /><!-- duration: 0ms -->
    <step title="Cleaning up temp folders from previous zip deployments and extracting pushed zip file C:\local\Temp\zipdeploy\job5oky5.zip (0.07 MB) to C:\local\Temp\zipdeploy\extracted" date="2025-06-04T14:17:00.896" /><!-- duration: 0ms -->
    <step title="Cleaning up temp folders from previous zip deployments and extracting pushed zip file C:\local\Temp\zipdeploy\job5oky5.zip (0.07 MB) to C:\local\Temp\zipdeploy\extracted" date="2025-06-04T14:17:00.896" >
      <step title="Renaming extractTargetDirectory(C:\local\Temp\zipdeploy\extracted) to tempDirectory(C:\local\Temp\zipdeploy\g1ltj3aq.yj2)" date="2025-06-04T14:17:00.896" /><!-- duration: 0ms -->
      <step title="Extracting 6 entries to C:\local\Temp\zipdeploy\extracted directory" date="2025-06-04T14:17:00.896" >
        <step title="Extracting to C:\local\Temp\zipdeploy\extracted\uploads\1748863906830-rognster.png ..." date="2025-06-04T14:17:00.911" /><!-- duration: 0ms -->
        <step title="Extracting to C:\local\Temp\zipdeploy\extracted\uploads\1748956695092-andreas .png ..." date="2025-06-04T14:17:00.911" /><!-- duration: 0ms -->
        <step title="Extracting to C:\local\Temp\zipdeploy\extracted\.env ..." date="2025-06-04T14:17:00.911" /><!-- duration: 0ms -->
        <step title="Extracting to C:\local\Temp\zipdeploy\extracted\package.json ..." date="2025-06-04T14:17:00.911" /><!-- duration: 16ms -->
        <step title="Extracting to C:\local\Temp\zipdeploy\extracted\server.js ..." date="2025-06-04T14:17:00.927" /><!-- duration: 0ms -->
        <step title="Extracting to C:\local\Temp\zipdeploy\extracted\web.config ..." date="2025-06-04T14:17:00.927" /><!-- duration: 0ms -->
      </step><!-- duration: 31ms -->
    </step><!-- duration: 31ms -->
    <step title="Before sending BuildRequestReceived status to /api/updatedeploystatus" date="2025-06-04T14:17:00.927" /><!-- duration: 16ms -->
    <step title="DeploymentManager.Deploy(id:b0677c3eb8984231b7a5fba9ec3ff847)" date="2025-06-04T14:17:00.942" >
      <step title="Collecting changeset information" date="2025-06-04T14:17:00.942" /><!-- duration: 16ms -->
      <step title="Updating submodules" date="2025-06-04T14:17:00.958" >
        <step title="Updating submodules." date="2025-06-04T14:17:00.974" /><!-- duration: 0ms -->
      </step><!-- duration: 31ms -->
      <step title="Preparing deployment for commit id &apos;b0677c3eb8&apos;." date="2025-06-04T14:17:01.005" /><!-- duration: 0ms -->
      <step title="Determining deployment builder" date="2025-06-04T14:17:01.020" >
        <step title="Builder is BasicBuilder" date="2025-06-04T14:17:01.036" /><!-- duration: 0ms -->
      </step><!-- duration: 16ms -->
      <step title="Copying SSH keys" date="2025-06-04T14:17:01.052" /><!-- duration: 0ms -->
      <step title="Building" date="2025-06-04T14:17:01.052" >
        <step title="Generating deployment script." date="2025-06-04T14:17:01.067" /><!-- duration: 0ms -->
        <step title="Generating deployment script" date="2025-06-04T14:17:01.067" >
          <step title="Using cached version of the deployment script for command: -y --no-dot-deployment -r &quot;C:\local\Temp\zipdeploy\extracted&quot; -o &quot;C:\home\site\deployments\tools&quot; --basic --sitePath &quot;C:\local\Temp\zipdeploy\extracted&quot;" date="2025-06-04T14:17:01.099" /><!-- duration: 0ms -->
          <step title="Using cached version of deployment script (command: &apos;azure -y --no-dot-deployment -r &quot;C:\local\Temp\zipdeploy\extracted&quot; -o &quot;C:\home\site\deployments\tools&quot; --basic --sitePath &quot;C:\local\Temp\zipdeploy\extracted&quot;&apos;)." date="2025-06-04T14:17:01.099" /><!-- duration: 0ms -->
        </step><!-- duration: 31ms -->
        <step title="Running deployment command..." date="2025-06-04T14:17:01.130" /><!-- duration: 0ms -->
        <step title="Command: &quot;C:\home\site\deployments\tools\deploy.cmd&quot;" date="2025-06-04T14:17:01.145" /><!-- duration: 0ms -->
        <step title="Executing external process" date="2025-06-04T14:17:01.161" type="process" path="starter.cmd" arguments="&quot;C:\home\site\deployments\tools\deploy.cmd&quot;" >
          <step title="Handling Basic Web Site deployment." date="2025-06-04T14:17:01.255" /><!-- duration: 0ms -->
          <step title="Creating app_offline.htm" date="2025-06-04T14:17:01.349" /><!-- duration: 0ms -->
          <step title="KuduSync.NET from: &apos;C:\local\Temp\zipdeploy\extracted&apos; to: &apos;C:\home\site\wwwroot&apos;" date="2025-06-04T14:17:01.349" /><!-- duration: 0ms -->
          <step title="Deleting app_offline.htm" date="2025-06-04T14:17:01.364" /><!-- duration: 0ms -->
          <step title="Finished successfully." date="2025-06-04T14:17:01.364" /><!-- duration: 0ms -->
        </step><!-- duration: 203ms -->
        <step title="Running post deployment command(s)..." date="2025-06-04T14:17:01.395" /><!-- duration: 0ms -->
        <step title="Triggering recycle (preview mode disabled)." date="2025-06-04T14:17:01.411" /><!-- duration: 0ms -->
        <step title="Ignoring FS watcher based recycle request as this is a classic Windows app." date="2025-06-04T14:17:01.427" /><!-- duration: 0ms -->
        <step title="Deployment successful. DEPLOYMENTINFO: deploymentPath = ZipDeploy. Extract zip. , deployer = ZipDeploy, os = windows, sku = Shared, siteName = STCCP-backend, siteHostName = stccp-backend-draqhhcfgkdbg3em.swedencentral-01.azurewebsites.net, deploymentStatus = Success" date="2025-06-04T14:17:01.442" /><!-- duration: 0ms -->
      </step><!-- duration: 453ms -->
    </step><!-- duration: 562ms -->
    <step title="Cleaning up temp files" date="2025-06-04T14:17:01.505" /><!-- duration: 16ms -->
    <step title="Skip function trigger and logicapp sync because function is not enabled." date="2025-06-04T14:17:01.520" /><!-- duration: 0ms -->
  </step><!-- duration: 719ms -->
  <step title="LockFile &apos;C:\home\site\locks\deployments.lock&apos; released" date="2025-06-04T14:17:01.536" /><!-- duration: 0ms -->
  <step title="Deleting shutdown sentinel file" date="2025-06-04T14:17:01.536" SemaphoreCount="8" /><!-- duration: 16ms -->
</step><!-- duration: 766ms -->
